uid,split,label,domain,n_sents,path_len,mean_step,p90_step,p95_step,step_cv,burstiness,straightness,dir_persistence,turn_mean_deg,frac_backtrack,avg_nn_dist,label_name,n_sents_log,log_path_len,log_mean_step,log_p90_step,log_avg_nn_dist,is_news
emozilla/pg19::pg19_00019,train,0,pg19,54,64.846923828125,1.2235268354415894,1.3885000944137573,1.4011633396148682,0.1204092155186523,1.1451839870010059,0.021286700628593103,-0.47396671772003174,118.47883605957031,1.0,0.9936081767082214,human,4.007333185232471,4.187332712263267,0.7990945999048192,0.8706655933763515,0.689946151081429,0
ai_gen::pg19_00019,train,1,pg19,61,74.6766357421875,1.2446105480194092,1.3636009693145752,1.3829950094223022,0.08268230600871662,1.1111869585405634,0.01823603412070434,-0.48202601075172424,118.96785736083984,1.0,1.0432231426239014,ai,4.127134385045092,4.326469470031789,0.8085320308758916,0.8601862905902355,0.714528532888169,0
emozilla/pg19::pg19_00005,train,0,pg19,29,33.06901550292969,1.1810362339019775,1.3344833850860596,1.3459265232086182,0.10685357944930264,1.1396149284605153,0.03980971972733619,-0.4873592257499695,119.41217041015625,1.0,1.0363924503326416,human,3.4011973816621555,3.5283883349515737,0.7798001005166016,0.8477906182846843,0.7111798356794395,0
ai_gen::pg19_00005,train,1,pg19,39,47.32991409301758,1.2455240488052368,1.3755255937576294,1.3974884748458862,0.0828675798434914,1.1220084238319592,0.024337599144629355,-0.48998862504959106,119.5025634765625,1.0,1.0532139539718628,ai,3.6888794541139363,3.878050708346983,0.8089389232657443,0.8652187156375799,0.7194063478877467,0
emozilla/pg19::pg19_00030,train,0,pg19,87,106.38436126708984,1.2370274066925049,1.3676903247833252,1.3890366554260254,0.08434018541879044,1.1228826846600202,0.013045511079989825,-0.5006176829338074,120.29373931884766,1.0,0.9973178505897522,human,4.477336814478207,4.676414559434033,0.8051479339718366,0.8619149334629207,0.6918052058093636,0
ai_gen::pg19_00030,train,1,pg19,32,37.839019775390625,1.2206135988235474,1.3215597867965698,1.3614237308502197,0.06889301036623116,1.1153601206485595,0.033680511659525014,-0.46997377276420593,118.15836334228516,1.0,1.0803229808807373,ai,3.4965075614664802,3.659425405601837,0.7977835535603502,0.8422392816661757,0.7325231609282339,0
cc_news::cc_00064,train,0,news,20,20.549896240234375,1.081573486328125,1.27411687374115,1.3054131269454956,0.15746448267440505,1.2069574036768276,0.06177758805776539,-0.4681585133075714,118.28062438964844,1.0,0.9003793597221375,human,3.044522437723423,3.0703710016998533,0.7331240915351686,0.8215917896721662,0.6420535292540398,0
ai_gen::cc_00064,train,1,news,33,36.85039520263672,1.1515748500823975,1.240182876586914,1.2889845371246338,0.0762288679941906,1.1193232789264935,0.02697555818463765,-0.5128921270370483,121.00465393066406,1.0,0.9852463603019714,ai,3.5263605246161616,3.633641421113934,0.7662000624112841,0.80655750386792,0.6857430174213838,0
cc_news::cc_00085,train,0,news,29,33.475921630859375,1.1955686807632446,1.353716254234314,1.4020283222198486,0.10284506589129447,1.172687395360364,0.035693615369678716,-0.47615960240364075,118.64886474609375,1.0,1.0078721046447754,human,3.4011973816621555,3.5402611566319537,0.7864410930460589,0.8559954638643839,0.6970755068950152,0
ai_gen::cc_00085,train,1,news,42,47.74580001831055,1.1645317077636719,1.3082752227783203,1.3263862133026123,0.08354680206364129,1.1389867742189874,0.020201679912753595,-0.47147291898727417,118.22802734375,1.0,1.016209602355957,ai,3.7612001156935624,3.88661904026188,0.772204036794068,0.8365005888407567,0.7012193142272741,0
cc_news::cc_00088,train,0,news,39,43.490604400634766,1.1444896459579468,1.3245855569839478,1.3345710039138794,0.16511119009846859,1.166083947221442,0.02189558462822042,-0.48210835456848145,119.35763549804688,1.0,0.8643276691436768,human,3.6888794541139363,3.7952780298152393,0.7629015967784591,0.8435417680893305,0.6229004889816786,0
ai_gen::cc_00088,train,1,news,40,42.298728942871094,1.084582805633545,1.3410139083862305,1.373567819595337,0.16763596735141398,1.2664480871902801,0.02987510921364552,-0.4603842794895172,117.76092529296875,1.0,0.8600422739982605,ai,3.713572066704308,3.7681232799094833,0.7345687420081239,0.850584129706943,0.6205992154228879,0
cc_news::cc_00119,train,0,news,35,40.68074417114258,1.1964924335479736,1.3220348358154297,1.3299626111984253,0.08920257647120056,1.111551209106738,0.03466048373658703,-0.4992845058441162,120.31155395507812,1.0,0.9454861283302307,human,3.58351893845611,3.7300392516797394,0.7868617396510618,0.842443885667655,0.6655118832860986,0
ai_gen::cc_00119,train,1,news,46,50.32582092285156,1.1183515787124634,1.2724196910858154,1.3274786472320557,0.12520430024762258,1.1869958182194986,0.02144470376677492,-0.462321013212204,117.83527374267578,1.0,0.914630115032196,ai,3.8501476017100584,3.9381939573772127,0.7506382290184167,0.8208452069888568,0.6495244525572528,0
cc_news::cc_00113,train,0,news,15,15.915785789489746,1.136841893196106,1.272163987159729,1.2906992435455322,0.08940721805145188,1.135337509348585,0.08042262314179757,-0.43660247325897217,116.04061889648438,1.0,0.993535041809082,human,2.772588722239781,2.82824725634076,0.75932898819804,0.8207326757013022,0.6899094657179295,0
ai_gen::cc_00113,train,1,news,33,37.518959045410156,1.1724674701690674,1.2598237991333008,1.2992594242095947,0.0696831499475277,1.1081411273791126,0.02533604162832715,-0.48531052470207214,119.117919921875,1.0,1.017308235168457,ai,3.5263605246161616,3.6511505628215306,0.775863604590332,0.8152868452595019,0.7017640659224063,0
cc_news::cc_00082,train,0,news,21,23.13199806213379,1.1565998792648315,1.3174233436584473,1.3326990604400635,0.14794513661387645,1.1522559221483002,0.05833962018263945,-0.4315234124660492,116.0729751586914,1.0,0.97003573179245,human,3.091042453358316,3.1835386802757517,0.7685328514817991,0.840455940740778,0.6780516805511169,0
ai_gen::cc_00082,train,1,news,28,31.89229393005371,1.1811960935592651,1.3175493478775024,1.3526232242584229,0.08620339536663454,1.1451301199121442,0.03833808979945692,-0.5020131468772888,120.37567901611328,1.0,0.9609996676445007,ai,3.367295829986474,3.4932384032858472,0.7798733931087237,0.8405103118136934,0.6734543777315334,0
cc_news::cc_00097,train,0,news,25,27.736631393432617,1.1556929349899292,1.3171963691711426,1.3308247327804565,0.13159605731187918,1.1515383476761514,0.032767734892139536,-0.5208262801170349,122.20529174804688,1.0,0.8145710825920105,human,3.258096538021482,3.3581726640886145,0.7681122194295058,0.8403579933355754,0.595849121658161,0
ai_gen::cc_00097,train,1,news,44,52.09861755371094,1.2115957736968994,1.3141008615493774,1.3525062799453735,0.07253033299605706,1.1163015828434284,0.022437289215908807,-0.4956366717815399,119.81507873535156,1.0,1.025769829750061,ai,3.8066624897703196,3.9721508931389438,0.793714324508979,0.8390212153537183,0.7059497911544554,0
cc_news::cc_00111,train,0,news,17,16.868650436401367,1.0542906522750854,1.406059980392456,1.4070097208023071,0.2256475864906067,1.3345558151015984,0.08066078691944883,-0.38651540875434875,113.2078857421875,1.0,0.8537046909332275,human,2.8903717578961645,2.883047805133199,0.7199306069847399,0.8779905467481761,0.6171861723281302,0
ai_gen::cc_00111,train,1,news,28,30.886249542236328,1.143935203552246,1.2730156183242798,1.315800428390503,0.10818781559936619,1.150240349543764,0.0379044615084396,-0.45624202489852905,117.26777648925781,1.0,0.9155325889587402,ai,3.367295829986474,3.4621748680298285,0.7626430205280892,0.8211074160849339,0.6499956983047533,0
cc_news::cc_00084,train,0,news,32,33.865562438964844,1.092437505722046,1.2796391248703003,1.2903517484664917,0.1111802203832885,1.181167564923957,0.030621825174759008,-0.46363818645477295,117.8935317993164,1.0,0.9338769912719727,human,3.4965075614664802,3.551499592450639,0.7383296570917944,0.8240171518733176,0.6595267917363394,0
ai_gen::cc_00084,train,1,news,43,46.06591033935547,1.0968073606491089,1.2785794734954834,1.2964180707931519,0.12142889438571068,1.1819924968635585,0.021544231747657443,-0.48400017619132996,119.18836975097656,1.0,0.8957996964454651,ai,3.784189633918261,3.85154896698477,0.740415883441114,0.8235522108569804,0.6396407529172983,0
cc_news::cc_00067,train,0,news,30,32.519859313964844,1.121374487876892,1.2838016748428345,1.3201185464859009,0.1379427249795751,1.1772325487662156,0.03474225711053497,-0.4312722384929657,115.89791107177734,1.0,0.9315290451049805,human,3.4339872044851463,3.5121380785276535,0.752064221938335,0.8258414556430691,0.6583119406010814,0
ai_gen::cc_00067,train,1,news,36,40.0872802734375,1.1453508138656616,1.2684234380722046,1.278735876083374,0.08826417201089015,1.1164578228799693,0.03053196881328126,-0.4768561124801636,118.61892700195312,1.0,0.9599338173866272,ai,3.6109179126442243,3.7156985912045144,0.7633030885949256,0.8190850695290635,0.6729107060328441,0
cc_news::cc_00120,train,0,news,21,20.1834659576416,1.0091732740402222,1.366565227508545,1.374394416809082,0.21529919051986926,1.361901322758317,0.06634836952058643,-0.4624329209327698,118.28204345703125,1.0,0.8259130120277405,human,3.091042453358316,3.0532209697333537,0.6977233310136356,0.8614396328444669,0.6020801424990005,0
ai_gen::cc_00120,train,1,news,49,52.23060989379883,1.0881377458572388,1.2448385953903198,1.3005541563034058,0.12924496500356605,1.19521095675036,0.017663342071076702,-0.4642941951751709,118.04912567138672,1.0,0.8390456438064575,ai,3.912023005428146,3.9746336048270643,0.736272638082593,0.8086336234605594,0.6092467652198075,0
cc_news::cc_00073,train,0,news,25,29.684322357177734,1.2368468046188354,1.388843297958374,1.396220088005066,0.10698538507770743,1.128854505497321,0.047326304907482,-0.43979763984680176,116.20136260986328,1.0,1.1393156051635742,human,3.258096538021482,3.4237518517509558,0.8050671976501443,0.8708092730397206,0.7604859672121945,0
ai_gen::cc_00073,train,1,news,37,42.32543182373047,1.175706386566162,1.2857518196105957,1.3180477619171143,0.08705760635690904,1.1210688118872618,0.031111279262012095,-0.49560046195983887,119.92948150634766,1.0,0.9317487478256226,ai,3.6375861597263857,3.768739802631756,0.7773533872452411,0.826694994129279,0.6584256796240846,0
emozilla/pg19::pg19_00024,train,0,pg19,11,12.5770902633667,1.25770902633667,1.365043044090271,1.3664757013320923,0.07699976128924381,1.086479998725254,0.09433110201785179,-0.5363619923591614,122.59300231933594,1.0,1.1074079275131226,human,2.4849066497880004,2.6083838328516755,0.8143505939768612,0.8607962222392724,0.7454587219267712,0
ai_gen::pg19_00024,train,1,pg19,55,68.80764770507812,1.2742156982421875,1.3577854633331299,1.3795191049575806,0.05429536993339111,1.0826417433559945,0.018839318720896763,-0.49755775928497314,119.97254943847656,1.0,1.0396215915679932,ai,4.02535169073515,4.245743569741745,0.8216352449382397,0.8577228155049161,0.712764296320509,0
cc_news::cc_00076,train,0,news,22,22.321304321289062,1.06291925907135,1.2547627687454224,1.277092695236206,0.12208160389149492,1.2014954892724148,0.060706234674597306,-0.40172886848449707,113.89990234375,1.0,0.9039024114608765,human,3.1354942159291497,3.1493672913628292,0.7241220956942067,0.8130447650902988,0.6439056805707838,0
ai_gen::cc_00076,train,1,news,34,38.426177978515625,1.1644296646118164,1.3088667392730713,1.3253206014633179,0.10614617313521756,1.138171451432405,0.03260215642171816,-0.5108279585838318,121.07757568359375,1.0,0.8971656560897827,ai,3.5553480614894135,3.674430011375864,0.772156892390089,0.8367568150962407,0.6403610124379695,0
cc_news::cc_00108,train,0,news,55,59.38051986694336,1.0996392965316772,1.3346219062805176,1.37391996383667,0.16020288433661045,1.249427851631748,0.02143352818119872,-0.4708753228187561,118.4852294921875,1.0,0.9171576499938965,human,4.02535169073515,4.100666534161193,0.7417655664199841,0.847849953504541,0.6508436985506499,0
ai_gen::cc_00108,train,1,news,46,53.097251892089844,1.1799389123916626,1.2862321138381958,1.295740008354187,0.07243033220190374,1.0981416027095035,0.023443960310439032,-0.5010616779327393,120.28964233398438,1.0,0.9793103337287903,ai,3.8501476017100584,3.990783387743192,0.7792968545696917,0.8269050973301469,0.6827484677316411,0
emozilla/pg19::pg19_00039,train,0,pg19,23,25.215810775756836,1.1461732387542725,1.2961268424987793,1.3082331418991089,0.1126525487065932,1.1413921540515386,0.040987450064661694,-0.5240185856819153,122.42765045166016,1.0,0.8987793326377869,human,3.1780538303479458,3.2663626934789796,0.7636863673036522,0.8312237219221292,0.6412112232023515,0
ai_gen::pg19_00039,train,1,pg19,50,59.55976104736328,1.2155053615570068,1.3899704217910767,1.399132490158081,0.10815375684620124,1.1510706035592513,0.022664506917657163,-0.4552145004272461,117.30941009521484,1.0,1.0296894311904907,ai,3.9318256327243257,4.103630663404158,0.7954805316756961,0.871280990047205,0.7078827917882646,0
emozilla/pg19::pg19_00028,train,0,pg19,34,41.23161697387695,1.2494429349899292,1.3910690546035767,1.3991367816925049,0.09625652377460396,1.119808470246512,0.030897000528559565,-0.4990391731262207,120.22398376464844,1.0,1.03750741481781,human,3.5553480614894135,3.743169157909173,0.810682601113319,0.8717405691145862,0.7117272053006443,0
ai_gen::pg19_00028,train,1,pg19,49,58.26250457763672,1.2138022184371948,1.3399287462234497,1.3655996322631836,0.10129965313667766,1.1250594302095667,0.02266120691675845,-0.47966474294662476,118.86799621582031,1.0,1.0069401264190674,ai,3.912023005428146,4.081976805471629,0.7947114980635609,0.8501204785741302,0.6966112369920606,0
emozilla/pg19::pg19_00017,train,0,pg19,97,119.72027587890625,1.2470861673355103,1.3511977195739746,1.375563621520996,0.08422203198691842,1.1030221147099115,0.010713500963804686,-0.49276483058929443,119.76701354980469,1.0,0.9934426546096802,human,4.584967478670572,4.793476099736193,0.8096343401917956,0.8549248662233143,0.689863121240256,0
ai_gen::pg19_00017,train,1,pg19,51,63.32012176513672,1.2664024829864502,1.3818186521530151,1.4284394979476929,0.07717720905274855,1.1279506453414372,0.02022987543217991,-0.4977153539657593,119.92442321777344,1.0,1.049760103225708,ai,3.9512437185814275,4.163872517983607,0.8181937650976582,0.8678643354374843,0.7177227634858849,0
cc_news::cc_00122,train,0,news,67,74.912841796875,1.1350430250167847,1.3267784118652344,1.367005467414856,0.13343967151564512,1.2043644489982541,0.018829046239139398,-0.4601413309574127,117.77250671386719,1.0,0.9222055077552795,human,4.219507705176107,4.329585863724672,0.7584867987102204,0.8444846549751699,0.653473228742282,0
ai_gen::cc_00122,train,1,news,40,40.599212646484375,1.0410054922103882,1.1842490434646606,1.2001160383224487,0.10723916206034939,1.1528431380059916,0.029803070655952734,-0.48814401030540466,119.45655822753906,1.0,0.8919800519943237,ai,3.713572066704308,3.7280812403209014,0.7134425747649927,0.7812720822720433,0.6376239272307244,0
cc_news::cc_00023,train,0,news,56,57.03948211669922,1.0370814800262451,1.2597140073776245,1.3218753337860107,0.26377204537617943,1.2746108760434944,0.023736757951381963,-0.43849804997444153,116.76304626464844,0.9814814814814815,0.7770563960075378,human,4.04305126783455,4.061123505107453,0.7115181364575738,0.8152382598685181,0.5749582853079375,0
ai_gen::cc_00023,train,1,news,38,43.424259185791016,1.173628568649292,1.3447129726409912,1.3716243505477905,0.12589907578472398,1.1687039555667935,0.02364728516299467,-0.47634145617485046,118.66481018066406,1.0,0.9589714407920837,ai,3.6635616461296463,3.7937856982863916,0.7763979225149604,0.8521629946801287,0.6724195603936988,0
emozilla/pg19::pg19_00027,train,0,pg19,43,51.138519287109375,1.2175837755203247,1.3274710178375244,1.3470370769500732,0.08009876164994356,1.1063198311535658,0.025080099586323863,-0.49523070454597473,119.90795135498047,1.0,0.9846687912940979,human,3.784189633918261,3.9539040093124855,0.7964182137530634,0.84478227803464,0.6854520444459455,0
ai_gen::pg19_00027,train,1,pg19,40,49.143638610839844,1.260093331336975,1.3738110065460205,1.3964223861694336,0.07030020966976934,1.1081896486879297,0.02715803778863298,-0.49928319454193115,120.0812759399414,1.0,1.0613056421279907,ai,3.713572066704308,3.914891659120674,0.8154061094832536,0.8644966833074275,0.7233395888889996,0
cc_news::cc_00068,train,0,news,19,18.85443115234375,1.0474684238433838,1.215268611907959,1.2363581657409668,0.13653652090929722,1.1803297718544354,0.05583504178792597,-0.4689655900001526,118.24210357666016,1.0,0.8792893290519714,human,2.995732273553991,2.9884272140767845,0.716604114815857,0.7953736656289553,0.630893688913907,0
ai_gen::cc_00068,train,1,news,27,29.578479766845703,1.1376338005065918,1.2380166053771973,1.2561962604522705,0.07956243600123948,1.1042184751294997,0.03105887447298564,-0.4938531219959259,119.76475524902344,1.0,0.9615320563316345,ai,3.332204510175204,3.4202964859507703,0.7596995165979149,0.805590029601795,0.6737258292979534,0
emozilla/pg19::pg19_00004,train,0,pg19,52,63.37651443481445,1.2426767349243164,1.3735417127609253,1.3818166255950928,0.09906423944058254,1.1119678889603888,0.020148200231217796,-0.49094390869140625,119.61831665039062,1.0,1.0665476322174072,human,3.970291913552122,4.164748883908188,0.8076701234057995,0.8643832332221667,0.7258794044099894,0
ai_gen::pg19_00004,train,1,pg19,35,40.3563117980957,1.1869503259658813,1.2724435329437256,1.3024957180023193,0.06920054297227002,1.0973464428187552,0.033449302236991295,-0.4575018584728241,117.36415100097656,1.0,1.0396513938903809,ai,3.58351893845611,3.722225053063849,0.7825080281151803,0.8208556987712208,0.7127789079057079,0
emozilla/pg19::pg19_00018,train,0,pg19,29,33.7485237121582,1.2053043842315674,1.3274842500686646,1.3343902826309204,0.09307676123584949,1.1070981737783552,0.04231389368996605,-0.45391273498535156,117.15473175048828,1.0,1.080733299255371,human,3.4011973816621555,3.5481370880050074,0.7908655421071924,0.8447879632583978,0.7327203793018101,0
ai_gen::pg19_00018,train,1,pg19,42,50.27809524536133,1.226294994354248,1.2947028875350952,1.3279318809509277,0.05929836375512472,1.082881270056164,0.02263627380397161,-0.5061687231063843,120.53707122802734,1.0,1.070482850074768,ai,3.7612001156935624,3.9372636677213295,0.8003387662447855,0.8306033743627181,0.7277818409818676,0
cc_news::cc_00100,train,0,news,31,36.99822998046875,1.2332743406295776,1.3379783630371094,1.3963024616241455,0.09257516344126221,1.1321912859309236,0.03765622705916899,-0.4808189272880554,118.84423065185547,1.0,1.041538953781128,human,3.4657359027997265,3.63753957918018,0.8034688227364651,0.8492866085319081,0.713703912556085,0
ai_gen::cc_00100,train,1,news,27,29.93988609313965,1.151534080505371,1.288600206375122,1.3182984590530396,0.08435305459709719,1.1448193165705838,0.03682062470938146,-0.4859597682952881,119.206787109375,1.0,0.9703408479690552,ai,3.332204510175204,3.432046163597731,0.7661811135175028,0.8279403670767429,0.6782065470574209,0
cc_news::cc_00110,train,0,news,139,154.21351623535156,1.117489218711853,1.2235087156295776,1.2498291730880737,0.07610344463225649,1.1184261576390442,0.006760898756666106,-0.4870464503765106,119.2840805053711,1.0,0.9226871132850647,human,4.941642422609304,5.044801693102386,0.7502310560136858,0.7990864507403685,0.6537237457682548,0
ai_gen::cc_00110,train,1,news,36,38.518150329589844,1.1005185842514038,1.2371370792388916,1.2452211380004883,0.12530042833367389,1.1314857884443474,0.0318229593657791,-0.5144646167755127,121.34635162353516,1.0,0.8888458013534546,ai,3.6109179126442243,3.676760068383287,0.7421842591251296,0.8051969587883151,0.6359659554116497,0
emozilla/pg19::pg19_00035,train,0,pg19,19,20.024160385131836,1.1124533414840698,1.2710405588150024,1.2806066274642944,0.115302158662596,1.1511553605967404,0.05664853410896699,-0.4821164309978485,119.05142974853516,1.0,0.9748002886772156,human,2.995732273553991,3.0456722709418536,0.747849993133827,0.8202381224157277,0.6804672735830419,0
ai_gen::pg19_00035,train,1,pg19,43,52.85150146484375,1.2583690881729126,1.3601946830749512,1.3780392408370972,0.0713588359756215,1.09509940588007,0.024865719794518886,-0.4868262708187103,119.25381469726562,1.0,1.0527141094207764,ai,3.784189633918261,3.986230285569193,0.8146429103736135,0.8587441084635415,0.7191628733086316,0
cc_news::cc_00098,train,0,news,32,36.87705993652344,1.1895825862884521,1.3308974504470825,1.3489134311676025,0.11318098652132165,1.1339384475819667,0.03208081728232872,-0.47843727469444275,118.93606567382812,1.0,0.9821767807006836,human,3.4965075614664802,3.6343456501135676,0.7837109257936595,0.846253365283669,0.6841956250184643,0
ai_gen::cc_00098,train,1,news,43,48.42364501953125,1.1529439687728882,1.2402808666229248,1.2444792985916138,0.06627910778929887,1.0793926958263806,0.024514896563470147,-0.4714612662792206,118.35260772705078,1.0,0.944920539855957,ai,3.784189633918261,3.900428953800385,0.7668361933212771,0.8066012448919043,0.6652211226913858,0
cc_news::cc_00115,train,0,news,42,45.681819915771484,1.114190697669983,1.331101894378662,1.3473302125930786,0.14784399715431287,1.2092456124516495,0.032189534279760325,-0.4500616192817688,116.98078918457031,1.0,0.9542572498321533,human,3.7612001156935624,3.843354793714324,0.7486720904136867,0.8463410718304052,0.6700101978886523,0
ai_gen::cc_00115,train,1,news,51,57.45435333251953,1.1490870714187622,1.2825349569320679,1.2992850542068481,0.0865414351606391,1.1307107063710218,0.0188938320720224,-0.46970218420028687,118.17704010009766,1.0,1.0060884952545166,ai,3.9512437185814275,4.068246164742891,0.7650431340190824,0.8252866485644824,0.6961868038481074,0
cc_news::cc_00077,train,0,news,29,33.988739013671875,1.2138835191726685,1.3205289840698242,1.3510135412216187,0.0799661374830392,1.1129680236051802,0.03791006570860603,-0.46949976682662964,118.24775695800781,1.0,1.0319408178329468,human,3.4011973816621555,3.555026267252684,0.7947482218693145,0.841795170062728,0.7089914042098808,0
ai_gen::cc_00077,train,1,news,39,45.05225372314453,1.185585618019104,1.3018068075180054,1.3315261602401733,0.08366806260326223,1.1230957427298975,0.030291136911738334,-0.46928879618644714,118.20408630371094,1.0,1.0338295698165894,ai,3.6888794541139363,3.8297767022886524,0.781883810037354,0.8336943830237711,0.7099205034650912,0
emozilla/pg19::pg19_00013,train,0,pg19,47,55.919952392578125,1.2156511545181274,1.3241772651672363,1.336875319480896,0.07546540144013657,1.0997195326234201,0.022283584218791355,-0.4925757944583893,119.6898422241211,1.0,0.9866036176681519,human,3.871201010907891,4.041645936829491,0.7955463352466801,0.8433661119703235,0.686426455832471,0
ai_gen::pg19_00013,train,1,pg19,44,53.27231216430664,1.2388910055160522,1.3253549337387085,1.3329981565475464,0.06466494792284387,1.0759607993047122,0.024060255350924386,-0.5009543299674988,120.26990509033203,1.0,1.021179437637329,ai,3.8066624897703196,3.9940141920011167,0.8059806564478108,0.8438726870605804,0.7036812210399774,0
cc_news::cc_00004,train,0,news,39,41.95770263671875,1.1041500568389893,1.2924200296401978,1.3087329864501953,0.14997748395036362,1.185285440455177,0.034280491064609744,-0.4335063695907593,116.02385711669922,1.0,0.9149616956710815,human,3.6888794541139363,3.7602159719717623,0.7439116121227223,0.8296080410679347,0.6496976201720296,0
ai_gen::cc_00004,train,1,news,39,42.0911750793457,1.107662558555603,1.266498327255249,1.2839525938034058,0.10168588318204821,1.1591550006678266,0.02794062273171645,-0.47343289852142334,118.49372100830078,1.0,0.9354008436203003,ai,3.6888794541139363,3.7633182216050867,0.7455795412789655,0.8182360533686022,0.6603144593539871,0
emozilla/pg19::pg19_00037,train,0,pg19,52,57.185546875,1.1212852001190186,1.2966245412826538,1.319849967956543,0.14999669892317302,1.177086764201713,0.0240231093831383,-0.44791409373283386,116.9106674194336,1.0,0.901180624961853,human,3.970291913552122,4.063636988415931,0.7520221314741201,0.8314404542223274,0.6424750747536816,0
ai_gen::pg19_00037,train,1,pg19,43,51.62427520751953,1.2291494607925415,1.356927752494812,1.361728549003601,0.0773209124889426,1.1078624629786407,0.028622756630942124,-0.48411640524864197,119.1021957397461,1.0,1.0559298992156982,ai,3.784189633918261,3.9631775191289735,0.8016201050012552,0.8573589711697398,0.7207282512994376,0
cc_news::cc_00121,train,0,news,31,33.73298645019531,1.124432921409607,1.2754244804382324,1.305621862411499,0.11404862979581429,1.1611380612847848,0.0387807414705583,-0.45408570766448975,117.24244689941406,1.0,0.9501580595970154,human,3.4657359027997265,3.5476898535627632,0.7535049062496513,0.8221666198061477,0.6679104254943765,0
ai_gen::cc_00121,train,1,news,31,35.034793853759766,1.1678264141082764,1.2816158533096313,1.295896053314209,0.08157546651132949,1.1096649618964252,0.02289749337201297,-0.47846871614456177,118.73013305664062,1.0,0.9777505397796631,ai,3.4657359027997265,3.5844849676374038,0.7737250130786125,0.8248838995436578,0.6819601078454662,0
cc_news::cc_00116,train,0,news,20,19.067514419555664,1.0035533905029297,1.2528332471847534,1.2815837860107422,0.19453123663624702,1.2770459430835073,0.0682846361695847,-0.47167837619781494,118.51771545410156,1.0,0.8508655428886414,human,3.044522437723423,2.9991023095760045,0.6949222993553803,0.8121886450335314,0.6156533906982786,0
ai_gen::cc_00116,train,1,news,27,29.777694702148438,1.1452959775924683,1.2478835582733154,1.255468726158142,0.08176872759736638,1.096195874883078,0.04499401761634959,-0.496756911277771,119.97720336914062,1.0,0.9811106324195862,ai,3.332204510175204,3.4267902296393027,0.7632775277525344,0.8099891327687629,0.6836576129109977,0
cc_news::cc_00105,train,0,news,22,25.479312896728516,1.2133005857467651,1.3315353393554688,1.331701636314392,0.10315044759211545,1.0975859172553317,0.050332497149005825,-0.45235171914100647,117.35609436035156,1.0,1.023789644241333,human,3.1354942159291497,3.27636378272341,0.7944848791144358,0.8465269944987694,0.7049718153132447,0
ai_gen::cc_00105,train,1,news,25,28.10161018371582,1.1709004640579224,1.3019487857818604,1.3178527355194092,0.07869287508678938,1.1255036409765158,0.04064304983996497,-0.4693326950073242,118.1061782836914,1.0,1.010249137878418,ai,3.258096538021482,3.370793505420385,0.7751420418754695,0.8337560623466729,0.6982586635831606,0
cc_news::cc_00102,train,0,news,95,115.26296997070312,1.2262017726898193,1.3637112379074097,1.380344033241272,0.11745968550249283,1.1257070932234892,0.010906142331736007,-0.4745703637599945,118.51822662353516,1.0,0.9876708984375,human,4.564348191467836,4.755854607884493,0.8002968923617397,0.8602329422975995,0.6869635504849312,0
ai_gen::cc_00102,train,1,news,41,47.99204635620117,1.1998012065887451,1.3343267440795898,1.352769374847412,0.08150928217950253,1.127494594452406,0.024071137175640363,-0.4862711429595947,119.24028778076172,1.0,1.0021882057189941,ai,3.7376696182833684,3.891657965674229,0.788366995640022,0.8477235172451496,0.6942406853251202,0
cc_news::cc_00003,train,0,news,37,42.17359161376953,1.171488642692566,1.2938706874847412,1.3427525758743286,0.09631454141519355,1.1461934217193783,0.026626956007812907,-0.48458781838417053,119.29776763916016,1.0,0.9470154047012329,human,3.6375861597263857,3.76522900309002,0.7754129428121572,0.8302406472337432,0.666297638377886,0
ai_gen::cc_00003,train,1,news,40,44.64944076538086,1.144857406616211,1.244775414466858,1.2917582988739014,0.08123108162837457,1.1283137021323455,0.024739080836967877,-0.4729786813259125,118.40685272216797,1.0,0.9521142840385437,ai,3.713572066704308,3.820991356481402,0.7630730730682802,0.8086054780906781,0.6689130334279765,0
ai_gen::cc_00087,train,1,news,29,32.93013000488281,1.176076054573059,1.3185663223266602,1.3338737487792969,0.0868520542658375,1.134173035486542,0.029839171049168507,-0.5321169495582581,122.44432830810547,1.0,0.949034571647644,ai,3.4011973816621555,3.5243034103503312,0.7775232799330241,0.8409490301450782,0.6673341585146639,0
emozilla/pg19::pg19_00038,train,0,pg19,66,81.76527404785156,1.2579272985458374,1.3612819910049438,1.3705602884292603,0.0668010044104717,1.089538552834124,0.015264664467789815,-0.49365273118019104,119.7584457397461,1.0,0.9906738996505737,human,4.204692619390966,4.416008577862952,0.8144472679309326,0.8592046880763492,0.6884732244502777,0
ai_gen::pg19_00038,train,1,pg19,44,51.19004440307617,1.1904661655426025,1.3168634176254272,1.324804663658142,0.08962999659327599,1.112845288679999,0.022219567643674946,-0.46018314361572266,117.51513671875,1.0,1.0148106813430786,ai,3.8066624897703196,3.954891756451591,0.7841143821550831,0.84021429577378,0.7005252363161826,0
cc_news::cc_00071,train,0,news,20,23.15442657470703,1.2186540365219116,1.3440264463424683,1.3481439352035522,0.07390085760163032,1.106256488551996,0.054006517766500804,-0.4577038586139679,117.50580596923828,1.0,1.0123640298843384,human,3.044522437723423,3.1844676583210267,0.7969007221611772,0.8518701542204309,0.6993101652377224,0
ai_gen::cc_00071,train,1,news,26,29.23896598815918,1.1695586442947388,1.3008054494857788,1.3136190176010132,0.10168120880813576,1.1231749891361982,0.036534601369282084,-0.47103288769721985,118.2789306640625,1.0,0.9995680451393127,ai,3.295836866004329,3.4091313572134663,0.774523757139946,0.8332592570595962,0.6929311798031178,0
emozilla/pg19::pg19_00010,train,0,pg19,44,50.80164337158203,1.1814335584640503,1.285537600517273,1.3048509359359741,0.07023908179765113,1.104464086521523,0.023507963786478177,-0.4903547167778015,119.48094177246094,1.0,1.0415139198303223,human,3.8066624897703196,3.9474218740823166,0.779982256305447,0.8266012704229934,0.7136916501869309,0
ai_gen::pg19_00010,train,1,pg19,45,54.60477828979492,1.2410176992416382,1.343714714050293,1.3607858419418335,0.0781238728230177,1.0965080053026535,0.024814392532929448,-0.487545371055603,119.31594848632812,1.0,1.0152571201324463,ai,3.828641396489095,4.018269138027804,0.8069300927089037,0.8517371552847095,0.7007467903014681,0
cc_news::cc_00124,train,0,news,36,41.73265075683594,1.1923614740371704,1.3506368398666382,1.3560760021209717,0.10439239289379346,1.137302765685937,0.030420883926126265,-0.4426601231098175,116.43659210205078,1.0,1.0560578107833862,human,3.6109179126442243,3.7549632827619353,0.784979261529118,0.8546862871312998,0.7207904652829173,0
ai_gen::cc_00124,train,1,news,48,53.619876861572266,1.1408483982086182,1.268305778503418,1.2800313234329224,0.0868087280422807,1.1219994921689243,0.022252759365683113,-0.46908286213874817,118.1120834350586,1.0,0.9667231440544128,ai,3.8918202981106265,4.000397861586267,0.7612021982301469,0.8190331997509938,0.676368779147033,0
emozilla/pg19::pg19_00016,train,0,pg19,84,104.86775970458984,1.2634669542312622,1.3728752136230469,1.3923265933990479,0.07863388029822635,1.1019889271619978,0.010158628609771231,-0.49037882685661316,119.5224609375,1.0,1.034276008605957,human,4.442651256490317,4.662190765317093,0.816897688375447,0.8641023901556615,0.7101399858666925,0
ai_gen::pg19_00016,train,1,pg19,66,83.11605834960938,1.278708577156067,1.3962430953979492,1.4240812063217163,0.07401929994489197,1.1136870681573545,0.016652850239962814,-0.5019224286079407,120.2768783569336,1.0,1.0074241161346436,ai,4.204692619390966,4.432197492266484,0.8236088689655674,0.8739021339538264,0.696852365942339,0
cc_news::cc_00096,train,0,news,18,20.314620971679688,1.1949777603149414,1.3534878492355347,1.3617545366287231,0.14366978162833888,1.1395647532960675,0.06312254640816502,-0.4409480094909668,116.43681335449219,1.0,0.9915627241134644,human,2.9444389791664403,3.059393267824946,0.7861719145008361,0.8558984189970111,0.6889196190579442,0
ai_gen::cc_00096,train,1,news,21,23.24791145324707,1.1623955965042114,1.2929002046585083,1.3037657737731934,0.08143528902663429,1.1216196772364047,0.04876483568540803,-0.44561466574668884,116.54148864746094,1.0,0.9941940307617188,ai,3.091042453358316,3.18833048803517,0.7712166795852283,0.8298174811923011,0.6902399741083658,0
cc_news::cc_00114,train,0,news,19,20.58810043334961,1.1437833309173584,1.3573334217071533,1.3618481159210205,0.12171496130685833,1.190652179576332,0.05644175648275807,-0.454152375459671,117.12914276123047,1.0,1.0199189186096191,human,2.995732273553991,3.0721422570222843,0.7625721797610331,0.8575310741561262,0.7030573713053413,0
ai_gen::cc_00114,train,1,news,20,21.34144401550293,1.1232339143753052,1.226373553276062,1.267317533493042,0.08873341725411683,1.1282757022135872,0.04609883888400664,-0.49127259850502014,119.65337371826172,1.0,0.9677567481994629,ai,3.044522437723423,3.1064434296677206,0.7529403577045319,0.800374052465164,0.676894187433329,0
cc_news::cc_00101,train,0,news,32,38.24560546875,1.2337292432785034,1.370851993560791,1.40938138961792,0.10780076925216237,1.1423749556843585,0.034099843943499686,-0.4618641436100006,117.71261596679688,1.0,1.0652964115142822,human,3.4965075614664802,3.669839475380522,0.8036724951275673,0.8632493814995691,0.7252737567969001,0
ai_gen::cc_00101,train,1,news,32,36.46556854248047,1.1763086318969727,1.2663284540176392,1.3147236108779907,0.06872271877469432,1.1176689307777037,0.02658791882295959,-0.48940718173980713,119.48756408691406,1.0,0.9570517539978027,ai,3.4965075614664802,3.623422338997553,0.7776301534476092,0.8181611009180073,0.6714391336431076,0
cc_news::cc_00086,train,0,news,31,34.58086395263672,1.1526954174041748,1.300116777420044,1.3229923248291016,0.11468706790716778,1.147737992927291,0.039594307346385055,-0.4975714087486267,120.10350036621094,1.0,0.9406226873397827,human,3.4657359027997265,3.571807963916937,0.7667207394494143,0.8329598944375329,0.6630088944300278,0
ai_gen::cc_00086,train,1,news,40,45.13036346435547,1.1571887731552124,1.280502438545227,1.350322961807251,0.08856793635604993,1.166899466302519,0.02335602336523408,-0.4810785949230194,118.92318725585938,1.0,0.9737945795059204,ai,3.713572066704308,3.831471376670609,0.7688058801076724,0.8243957864719305,0.6799578725294436,0
cc_news::cc_00001,train,0,news,58,64.97284698486328,1.1398744583129883,1.3403455018997192,1.3490723371505737,0.15364186578888753,1.1835271220534358,0.020424247069176213,-0.4702751338481903,118.47745513916016,1.0,0.9109914302825928,human,4.07753744390572,4.189243248054139,0.7607471629732153,0.8502985688548603,0.6476221808329019,0
ai_gen::cc_00001,train,1,news,37,41.99041748046875,1.16640043258667,1.2948837280273438,1.3180391788482666,0.08704920682510435,1.1300057356153277,0.02835867968090225,-0.4758852422237396,118.58716583251953,1.0,1.0113048553466797,ai,3.6375861597263857,3.760977241567545,0.773067003415761,0.8306821790601734,0.698783693208172,0
cc_news::cc_00080,train,0,news,30,32.093421936035156,1.1066696643829346,1.304975152015686,1.3552124500274658,0.12581419365140561,1.2245862461422858,0.03231271049023796,-0.4752172827720642,118.58970642089844,1.0,0.928946852684021,human,3.4339872044851463,3.4993345295826903,0.7451083424562268,0.8350698963539281,0.656974181799101,0
ai_gen::cc_00080,train,1,news,40,43.432682037353516,1.1136585474014282,1.2745590209960938,1.2920714616775513,0.12021999733452274,1.1602043235705102,0.02655786298186563,-0.4692412316799164,118.30213165283203,1.0,0.9217162132263184,ai,3.713572066704308,3.7939752805851246,0.7484203547246787,0.8217861966893151,0.6532186478391729,0
cc_news::cc_00092,train,0,news,19,20.842872619628906,1.1579374074935913,1.305801510810852,1.3427250385284424,0.12489116931578016,1.159583436753868,0.06648486209500508,-0.42531171441078186,115.40410614013672,1.0,1.0067921876907349,human,2.995732273553991,3.0838746724301545,0.7691528615467076,0.8354283430384861,0.6965375207016745,0
ai_gen::cc_00092,train,1,news,26,29.050273895263672,1.162010908126831,1.2634769678115845,1.3201490640640259,0.08449231733084608,1.1360900786989843,0.0404648855831409,-0.4804708957672119,118.8626937866211,1.0,0.995292067527771,ai,3.295836866004329,3.402871775590716,0.771038764591352,0.816902112366773,0.690790439389721,0
emozilla/pg19::pg19_00015,train,0,pg19,95,118.75591278076172,1.2633607387542725,1.3681975603103638,1.4028844833374023,0.08120616204921408,1.1104385630343363,0.011486195297957191,-0.48967379331588745,119.44243621826172,1.0,1.0440987348556519,human,4.564348191467836,4.785455611111832,0.8168507612625932,0.8621291427268581,0.7149569758987225,0
ai_gen::pg19_00015,train,1,pg19,32,37.0972785949707,1.1966863870620728,1.3805471658706665,1.4074687957763672,0.09404322947378975,1.1761383859564074,0.03406172039117603,-0.4953250586986542,119.8369140625,1.0,1.0352421998977661,ai,3.4965075614664802,3.6401428516280325,0.7869500372242519,0.8673303628863847,0.7106148289613587,0
cc_news::cc_00066,train,0,news,41,47.87516784667969,1.1968791484832764,1.3418803215026855,1.3518016338348389,0.09580216057521015,1.129438703604082,0.028362764864558205,-0.4614161550998688,117.62191772460938,1.0,1.0428308248519897,human,3.7376696182833684,3.889269452502798,0.7870377843716508,0.850954162888906,0.7143365051879771,0
ai_gen::cc_00066,train,1,news,40,43.33836364746094,1.1112401485443115,1.234387755393982,1.2743141651153564,0.10512658931921619,1.1467495723435837,0.028944244650860162,-0.4401088058948517,116.34808349609375,1.0,0.9609249830245972,ai,3.713572066704308,3.7918502988490963,0.7472755229569609,0.8039672555917369,0.6734162920330231,0
emozilla/pg19::pg19_00033,train,0,pg19,30,31.883779525756836,1.0994406938552856,1.3451573848724365,1.3658579587936401,0.15591994417719218,1.2423207240064005,0.04130334701201218,-0.4663201868534088,118.1355209350586,1.0,0.8739386200904846,human,3.4339872044851463,3.4929795126620355,0.7416709729961892,0.8523525147303209,0.6280424298595931,0
ai_gen::pg19_00033,train,1,pg19,36,42.21207809448242,1.2060593366622925,1.3001790046691895,1.3150222301483154,0.07155871895454047,1.0903462128044892,0.029265171260269285,-0.480305552482605,118.81193542480469,1.0,1.0440561771392822,ai,3.6109179126442243,3.7661200416937426,0.7912078183219238,0.8329869480236921,0.7149361558871098,0
cc_news::cc_00053,train,0,news,17,17.87721824645996,1.1173261404037476,1.2894304990768433,1.328019380569458,0.11177293156760147,1.1885691496382493,0.0700181287662794,-0.4671114385128021,118.41569519042969,1.0,0.8407520651817322,human,2.8903717578961645,2.937955811221059,0.7501540381064776,0.8283030962781159,0.61017421919013,0
ai_gen::cc_00053,train,1,news,22,22.517356872558594,1.0722551345825195,1.2626442909240723,1.3000508546829224,0.12179130097085518,1.2124454458200213,0.052825380032154284,-0.4862399101257324,119.4377212524414,1.0,0.9070489406585693,ai,3.1354942159291497,3.157738738848154,0.7286374512678353,0.8165341695524707,0.6455569899798872,0
cc_news::cc_00081,train,0,news,18,18.689224243164062,1.0993661880493164,1.3176817893981934,1.3573386669158936,0.17714777960702816,1.234655642196056,0.06424938761259845,-0.459000825881958,117.68673706054688,1.0,0.9361845850944519,human,2.9444389791664403,2.9800714933560535,0.7416354839593877,0.8405674574087261,0.6607193278500014,0
ai_gen::cc_00081,train,1,news,37,41.89611053466797,1.1637808084487915,1.2962415218353271,1.3054336309432983,0.09245540666261896,1.1217177852264075,0.022546942432057942,-0.4854408800601959,119.2162094116211,1.0,0.9773481488227844,ai,3.6375861597263857,3.758781158296232,0.7718570658581196,0.8312736653619728,0.6817566282410626,0
cc_news::cc_00013,train,0,news,15,14.025457382202148,1.0018184185028076,1.2688781023025513,1.3308327198028564,0.20387738101819017,1.3284171015645967,0.09931673928407607,-0.44757822155952454,118.03351593017578,1.0,0.7646633982658386,human,2.772588722239781,2.709745921369066,0.6940559767309831,0.8192854812618181,0.5679599630001235,0
ai_gen::cc_00013,train,1,news,26,28.25876808166504,1.1303507089614868,1.2539328336715698,1.298965334892273,0.11180613640325356,1.149170186379192,0.04218859353769402,-0.44154056906700134,116.625244140625,1.0,0.9465122222900391,ai,3.295836866004329,3.376179292233499,0.7562866182622601,0.812676616447582,0.6660391671599052,0
emozilla/pg19::pg19_00014,train,0,pg19,18,19.997238159179688,1.1763081550598145,1.2949433326721191,1.3077857494354248,0.0882774620301597,1.1117713872924846,0.06676846082031897,-0.42744266986846924,115.34923553466797,1.0,1.0739256143569946,human,2.9444389791664403,3.0443909128448667,0.7776299343439382,0.8307081515615293,0.7294432433767729,0
ai_gen::pg19_00014,train,1,pg19,41,48.862998962402344,1.2215750217437744,1.3596707582473755,1.402013897895813,0.09401363005946839,1.147710024303966,0.02585437611668291,-0.4758564829826355,118.55229949951172,1.0,1.0532153844833374,ai,3.7376696182833684,3.9092792239481127,0.7982164135838024,0.8585221000879889,0.7194070446056768,0
emozilla/pg19::pg19_00031,train,0,pg19,30,34.93851089477539,1.2047762870788574,1.3643805980682373,1.384437084197998,0.09941171165261742,1.1491237826016674,0.038166200882178154,-0.4778815805912018,118.7235107421875,1.0,1.0216213464736938,human,3.4339872044851463,3.581809447407873,0.7906260466445948,0.8605160840759407,0.7038998362336133,0
ai_gen::pg19_00031,train,1,pg19,59,72.74888610839844,1.2542911767959595,1.365497350692749,1.4053325653076172,0.06938872590380275,1.1204197169722319,0.01879005100184136,-0.4883330762386322,119.35594177246094,1.0,1.0473500490188599,ai,4.0943445622221,4.300665891490932,0.8128355895262545,0.8609882961107379,0.716546297930766,0
cc_news::cc_00057,train,0,news,25,26.59868049621582,1.1082783937454224,1.302227258682251,1.3692197799682617,0.14139018510755277,1.2354475082201626,0.053271739349457156,-0.5029677748680115,120.8306655883789,1.0,0.8991756439208984,human,3.258096538021482,3.317767963472138,0.7458716873033843,0.8338770277042269,0.6414199204022899,0
ai_gen::cc_00057,train,1,news,41,44.952552795410156,1.1238138675689697,1.2855830192565918,1.2923953533172607,0.10533781700964634,1.150008369367977,0.02194454081417904,-0.47523778676986694,118.62361907958984,1.0,0.9240631461143494,ai,3.7376696182833684,3.8276094031978074,0.7532134665684044,0.8266211424601143,0.6544391719306962,0
cc_news::cc_00032,train,0,news,62,68.07861328125,1.1160428524017334,1.3323450088500977,1.3660508394241333,0.18601242452754874,1.2240128920526274,0.02058824538842568,-0.4750658869743347,118.9702377319336,0.9833333333333333,0.8157060742378235,human,4.143134726391533,4.235245178978119,0.7495477653986163,0.8468742030214215,0.5964744136861586,0
ai_gen::cc_00032,train,1,news,43,49.039615631103516,1.1676099300384521,1.2909919023513794,1.309348225593567,0.08684139367494442,1.1213918209391431,0.02080325851909709,-0.4937324523925781,119.89482879638672,1.0,0.9230294227600098,ai,3.784189633918261,3.912815004336266,0.7736251458205929,0.8289848689174818,0.653901766936815,0
cc_news::cc_00125,train,0,news,37,40.28340148925781,1.1189833879470825,1.2824100255966187,1.3188287019729614,0.12649297469720644,1.178595425255903,0.03159806587600137,-0.47067975997924805,118.47853088378906,1.0,0.8941940069198608,human,3.6375861597263857,3.7204605181966466,0.7509364396835034,0.8252319134752498,0.6387934218938994,0
ai_gen::cc_00125,train,1,news,49,55.6392822265625,1.1591516733169556,1.2920836210250854,1.298815369606018,0.08098783237061243,1.1204878528866624,0.025090433967862886,-0.4914875328540802,119.61617279052734,1.0,0.9586327075958252,ai,3.912023005428146,4.036702776751539,0.7697154007172717,0.8294612820548113,0.6722466316422107,0
cc_news::cc_00045,train,0,news,43,47.90162658691406,1.1405149698257446,1.3289947509765625,1.3526039123535156,0.14218899875219218,1.185958929201069,0.027895863137132357,-0.4508947432041168,117.25664520263672,1.0,0.9135974645614624,human,3.784189633918261,3.889810659463682,0.7610464401900622,0.8454367371326237,0.648984959815868,0
ai_gen::cc_00045,train,1,news,44,49.81235122680664,1.1584267616271973,1.3232414722442627,1.3342037200927734,0.10349054724270383,1.1517376534167056,0.02573768137240524,-0.45369020104408264,117.1135482788086,1.0,1.0154173374176025,ai,3.8066624897703196,3.928139459418019,0.7693796052210264,0.8429633968338166,0.7008262892969479,0
cc_news::cc_00112,train,0,news,36,37.102577209472656,1.0600736141204834,1.3110421895980835,1.3200647830963135,0.17505659517813144,1.245257655233965,0.03531956421807531,-0.47970518469810486,119.31786346435547,1.0,0.798046350479126,human,3.6109179126442243,3.6402819231381964,0.7227417171729529,0.8376985871178524,0.5867007146265719,0
ai_gen::cc_00112,train,1,news,43,46.17790222167969,1.0994738340377808,1.267160177230835,1.2996697425842285,0.12053755507247747,1.182083376927719,0.027868512840699,-0.4764750003814697,118.65127563476562,1.0,0.8806040287017822,ai,3.784189633918261,3.853925609694689,0.7416867581150697,0.8185280250641469,0.6315930171013303,0
cc_news::cc_00006,train,0,news,51,58.313358306884766,1.1662671566009521,1.334737777709961,1.3505715131759644,0.13121372794483235,1.1580292778808958,0.022707317690246497,-0.44505488872528076,116.67420959472656,1.0,0.9022290706634521,human,3.9512437185814275,4.0828345471929,0.7730054819705929,0.8478995840480454,0.6430263936028509,0
ai_gen::cc_00006,train,1,news,51,59.73650360107422,1.1947300434112549,1.3157461881637573,1.3731883764266968,0.10074471379406026,1.1493712608956823,0.020897639739824208,-0.4609236717224121,117.61522674560547,1.0,1.0168352127075195,ai,3.9512437185814275,4.106544894593535,0.7860590519072306,0.8397319631023917,0.7015295564314984,0
cc_news::cc_00083,train,0,news,21,24.116741180419922,1.2058370113372803,1.3338978290557861,1.3878731727600098,0.08860315874153106,1.1509624930318727,0.055098341972132814,-0.49642854928970337,119.93094635009766,1.0,1.0742731094360352,human,3.091042453358316,3.2235346031054988,0.791107033848462,0.8475397578658433,0.7296107836047085,0
ai_gen::cc_00083,train,1,news,23,26.10227394104004,1.1864670515060425,1.3135610818862915,1.3593437671661377,0.07053804645256441,1.1457071356844746,0.037844907738769196,-0.5134184956550598,121.10655212402344,1.0,0.9917786717414856,ai,3.1780538303479458,3.29961763362894,0.7822870226999206,0.8387879313878056,0.6890280444258815,0
emozilla/pg19::pg19_00011,train,0,pg19,30,32.90907287597656,1.1347956657409668,1.2706618309020996,1.2855267524719238,0.08946116601787447,1.1328266323888398,0.034012650783895426,-0.4595513939857483,117.50041198730469,1.0,1.0015569925308228,human,3.4339872044851463,3.5236826150376417,0.758370935187493,0.8200713444627565,0.6939253739543182,0
ai_gen::pg19_00011,train,1,pg19,46,54.36827087402344,1.208183765411377,1.3272477388381958,1.3449170589447021,0.07405271766687045,1.1131725962942858,0.021085505068088584,-0.49209997057914734,119.62808227539062,1.0,0.998772919178009,ai,3.8501476017100584,4.014006701776249,0.7921703520401528,0.8446863414115392,0.692533451856011,0
cc_news::cc_00095,train,0,news,39,43.951263427734375,1.1566121578216553,1.3273941278457642,1.3724288940429688,0.12641674206053857,1.1865938679276833,0.03232611024461965,-0.43321099877357483,115.82957458496094,1.0,0.9811971783638,human,3.6888794541139363,3.805578867924946,0.7685385449449157,0.8447492416353628,0.6837012975252985,0
ai_gen::cc_00095,train,1,news,47,54.09342956542969,1.1759440898895264,1.312711238861084,1.3263287544250488,0.0947753652123055,1.1278841960492547,0.022801479756941124,-0.48612135648727417,119.24329376220703,1.0,1.0169955492019653,ai,3.871201010907891,4.009030463412058,0.7774626346790074,0.8384205327671254,0.7016090523270845,0
cc_news::cc_00109,train,0,news,25,29.16451644897461,1.2151881456375122,1.3670110702514648,1.3809953927993774,0.10776228335095323,1.136445741143848,0.04316569434854315,-0.49007079005241394,119.70065307617188,1.0,0.9932647943496704,human,3.258096538021482,3.406666281562835,0.7953373414868368,0.8616280074332316,0.6897738945977673,0
ai_gen::cc_00109,train,1,news,34,38.688072204589844,1.1723657846450806,1.3015724420547485,1.3144272565841675,0.08411412070356829,1.1211750409288626,0.027891714067636207,-0.4767555296421051,118.6056900024414,1.0,0.9957164525985718,ai,3.5553480614894135,3.6810506943024204,0.7758167970292397,0.8335925597975048,0.6910031099817582,0
emozilla/pg19::pg19_00020,train,0,pg19,59,73.25443267822266,1.263007402420044,1.3666516542434692,1.387355923652649,0.07669595693156489,1.0984543091301306,0.018008764875768166,-0.49652132391929626,119.95055389404297,1.0,1.010298490524292,human,4.0943445622221,4.307497475270875,0.8166946377110278,0.861476152081634,0.6982832137939468,0
ai_gen::pg19_00020,train,1,pg19,40,47.153438568115234,1.2090625762939453,1.326735019683838,1.3331737518310547,0.07788266222660647,1.1026507460982176,0.025926258663241483,-0.49699732661247253,119.91020965576172,1.0,1.042188286781311,ai,3.713572066704308,3.8743925493623212,0.7925682519199335,0.8444660057622533,0.7140219225344233,0
cc_news::cc_00060,train,0,news,84,93.79898834228516,1.1301082372665405,1.3552857637405396,1.3832422494888306,0.16035548655660603,1.2239909451800264,0.015154571939581377,-0.4547075927257538,117.50123596191406,0.9878048780487805,0.8698192834854126,human,4.442651256490317,4.551758737709153,0.7561727940483581,0.8566620635211063,0.6258417863491914,0
ai_gen::cc_00060,train,1,news,42,43.602447509765625,1.0634742975234985,1.292863130569458,1.3623384237289429,0.17220272312640506,1.281026186434524,0.025703885873464144,-0.46212881803512573,117.85762786865234,1.0,0.8705582618713379,ai,3.7612001156935624,3.797788734420911,0.7243911143652972,0.8298013119806167,0.6262369220736358,0
cc_news::cc_00117,train,0,news,47,56.1739616394043,1.2211730480194092,1.3474252223968506,1.3631467819213867,0.08998378016970861,1.1162601272040231,0.023334017314801427,-0.48755788803100586,119.36196899414062,1.0,1.0445940494537354,human,3.871201010907891,4.046098578649121,0.7980354563388045,0.8533190774488802,0.7151992609647012,0
ai_gen::cc_00117,train,1,news,41,46.13789749145508,1.1534473896026611,1.2728064060211182,1.2844842672348022,0.08812321475034572,1.1136045551901304,0.023653293761693586,-0.49234580993652344,119.66243743896484,1.0,0.9543886780738831,ai,3.7376696182833684,3.8530772951440966,0.7670699950314198,0.8210153701129671,0.6700774479001415,0
cc_news::cc_00005,train,0,news,32,35.42658615112305,1.14279305934906,1.3294448852539062,1.3570027351379395,0.15115336574772645,1.1874439768733864,0.03874724718788371,-0.44433411955833435,116.71211242675781,1.0,0.9289740920066833,human,3.4965075614664802,3.5952988968057444,0.762110145962609,0.845629992520219,0.6569883030437058,0
ai_gen::cc_00005,train,1,news,41,44.83494186401367,1.1208735704421997,1.3058570623397827,1.3253118991851807,0.1365369799465289,1.182391961174662,0.02593822817866539,-0.45786935091018677,117.66585540771484,1.0,0.937511146068573,ai,3.7376696182833684,3.8250467230375373,0.7518280653392233,0.835452434817204,0.6614042350384037,0
emozilla/pg19::pg19_00025,train,0,pg19,15,15.575210571289062,1.1125150918960571,1.232181191444397,1.2506780624389648,0.09875586836592389,1.124189749467859,0.0815938018314218,-0.4386793375015259,116.21548461914062,1.0,1.021885871887207,human,2.772588722239781,2.807908240141399,0.747879224316481,0.8029792201867743,0.7040306758239023,0
ai_gen::pg19_00025,train,1,pg19,57,70.63153076171875,1.2612773180007935,1.3765578269958496,1.3902275562286377,0.07435986825018316,1.1022378158921755,0.019044936259804687,-0.49805042147636414,119.98835754394531,1.0,1.0353357791900635,ai,4.060443010546419,4.271535350797552,0.8159298385834348,0.8656531496165571,0.710660807342215,0
cc_news::cc_00079,train,0,news,25,27.482746124267578,1.1451144218444824,1.3098046779632568,1.3300970792770386,0.1307933178885702,1.161540763003784,0.048948021545611405,-0.4471864402294159,116.8995590209961,1.0,0.9947537183761597,human,3.258096538021482,3.3492985047980395,0.7631928944745067,0.837162965964466,0.6905205932858091,0
ai_gen::cc_00079,train,1,news,27,31.047714233398438,1.1941428184509277,1.321479082107544,1.3359535932540894,0.07852167412910173,1.11875528840512,0.03168008349211669,-0.48441174626350403,119.06643676757812,1.0,1.0263962745666504,ai,3.332204510175204,3.467225862052655,0.7857914547439889,0.8422045179300482,0.7062589812544924,0
emozilla/pg19::pg19_00032,val,0,pg19,65,77.09611511230469,1.2046267986297607,1.3632911443710327,1.382300615310669,0.11201882417872606,1.1474928308766341,0.0162869912540566,-0.48187798261642456,119.00140380859375,1.0,0.9735918641090393,human,4.189654742026425,4.357940313128348,0.7905582422519147,0.8600552002515798,0.6798551638638721,0
ai_gen::pg19_00032,val,1,pg19,44,53.47127151489258,1.2435179948806763,1.3412126302719116,1.3614423274993896,0.07734306134797547,1.0948312232738813,0.025581653929076853,-0.5024083256721497,120.44964599609375,1.0,1.0288615226745605,ai,3.8066624897703196,3.997673434521195,0.8080451672979567,0.8506690132059193,0.7074748094631318,0
cc_news::cc_00065,val,0,news,28,29.548498153686523,1.0943888425827026,1.3100284337997437,1.3562538623809814,0.15053329926060263,1.2392796870800062,0.04646898096511324,-0.46256715059280396,117.81005859375,1.0,0.930639386177063,human,3.367295829986474,3.4193155241370716,0.7392617888974209,0.837259833462165,0.6578512362276278,0
ai_gen::cc_00065,val,1,news,43,48.500404357910156,1.1547715663909912,1.2751564979553223,1.2877459526062012,0.08284578616573565,1.1151521132700555,0.018917053835547804,-0.4970724582672119,120.02190399169922,1.0,0.9300685524940491,ai,3.784189633918261,3.9019808383879497,0.7676847162624225,0.8220488403470007,0.6575555217129627,0
cc_news::cc_00106,val,0,news,26,27.12545394897461,1.0850181579589844,1.1960113048553467,1.2046411037445068,0.08927992559039484,1.1102497178567348,0.04947613832528803,-0.4684506952762604,118.26409912109375,1.0,0.9338260889053345,human,3.295836866004329,3.336675000802315,0.7347775640660729,0.7866426715645194,0.6595004699812378,0
ai_gen::cc_00106,val,1,news,27,29.2423152923584,1.1247044801712036,1.2967357635498047,1.323306679725647,0.12369852846474397,1.1765816737237815,0.030310854785229914,-0.43854424357414246,116.16963958740234,1.0,0.9523947834968567,ai,3.332204510175204,3.409242112281207,0.75363272455078,0.8314888816304955,0.6690567131858891,0
cc_news::cc_00094,val,0,news,42,50.230377197265625,1.2251311540603638,1.3552595376968384,1.3789410591125488,0.09273612102380788,1.1255456646754092,0.02615901364121853,-0.48946839570999146,119.5084457397461,1.0,1.0334111452102661,human,3.7612001156935624,3.9363326607439473,0.7998158595260846,0.8566509284859785,0.7097147499151458,0
ai_gen::cc_00094,val,1,news,47,53.27122116088867,1.1580699682235718,1.2868280410766602,1.3114324808120728,0.08796388964226116,1.1324294013276415,0.016252968147041285,-0.48828980326652527,119.3880844116211,1.0,0.961312472820282,ai,3.871201010907891,3.9939940894047745,0.7692142890274705,0.8271657224790189,0.6736138781309112,0
cc_news::cc_00078,val,0,news,31,35.30973434448242,1.1769911050796509,1.334168553352356,1.3706716299057007,0.13981775324329473,1.164555640215971,0.03920804800764026,-0.4426333010196686,116.46676635742188,1.0,1.0211286544799805,human,3.4657359027997265,3.592085869081177,0.7779436963826258,0.847655747774596,0.7036560952177027,0
ai_gen::cc_00078,val,1,news,31,34.71867752075195,1.1572892665863037,1.3125174045562744,1.3291007280349731,0.10518819904634955,1.1484602565738116,0.037637790861144674,-0.4597620666027069,117.58982849121094,1.0,0.9631860256195068,ai,3.4657359027997265,3.5756737318277256,0.7688524643897958,0.838336716670726,0.6745686767847028,0
emozilla/pg19::pg19_00009,val,0,pg19,29,32.80796813964844,1.17171311378479,1.3169182538986206,1.320523977279663,0.12041869136371477,1.1270028147189264,0.03388286078620419,-0.48080623149871826,119.04096984863281,1.0,1.0100743770599365,human,3.4011973816621555,3.520696518482356,0.7755163094550211,0.8402379638173277,0.6981717248987775,0
ai_gen::pg19_00009,val,1,pg19,48,57.73377227783203,1.228378176689148,1.342024564743042,1.35402512550354,0.07158106288357095,1.102286861813148,0.022930557058737477,-0.4842537045478821,119.08086395263672,1.0,1.0353717803955078,ai,3.8918202981106265,4.073014898321912,0.8012740458519613,0.8510157539091787,0.7106784952772575,0
cc_news::cc_00091,val,0,news,23,26.24027442932129,1.192739725112915,1.2926664352416992,1.317371129989624,0.07817957351334608,1.1044917028011334,0.04654905527262625,-0.4592048227787018,117.60029602050781,1.0,0.9907025098800659,human,3.1780538303479458,3.304696555728409,0.785151777993165,0.8297155224005665,0.6884875964797217,0
ai_gen::cc_00091,val,1,news,23,24.597030639648438,1.1180468797683716,1.2588080167770386,1.287567377090454,0.10950286239560762,1.1516219940223353,0.05077088093233771,-0.5074021220207214,121.06998443603516,1.0,0.8871743679046631,ai,3.1780538303479458,3.2424763541193493,0.7504943809136629,0.814837247941218,0.635080666942291,0
cc_news::cc_00000,val,0,news,53,60.28323745727539,1.1592930555343628,1.3526633977890015,1.3786158561706543,0.15503546068282759,1.18918667681832,0.023670644177782935,-0.482526034116745,119.00528717041016,1.0,0.9399341940879822,human,3.9889840465642745,4.115506354605966,0.7697808790208439,0.8555480471488949,0.662654051926716,0
ai_gen::cc_00000,val,1,news,37,41.62844467163086,1.1563457250595093,1.2880470752716064,1.3025567531585693,0.08845489432042287,1.1264423129945926,0.02814476405220475,-0.4650956690311432,117.89434814453125,1.0,0.9396493434906006,ai,3.6375861597263857,3.7525217457491475,0.7684149950426352,0.8276986481623634,0.6625072059598053,0
emozilla/pg19::pg19_00023,val,0,pg19,44,52.969810485839844,1.231856107711792,1.3297779560089111,1.3351731300354004,0.09275237048064393,1.0838710151905961,0.025929137225745188,-0.46688035130500793,117.99401092529297,1.0,1.0571688413619995,human,3.8066624897703196,3.9884248251520837,0.802833574569861,0.8457729651862278,0.7213306886645071,0
ai_gen::pg19_00023,val,1,pg19,42,50.724117279052734,1.2371735572814941,1.358054518699646,1.3751106262207031,0.07255873967682447,1.111493709291034,0.022504146698851313,-0.47967785596847534,118.78340148925781,1.0,1.0780589580535889,ai,3.7612001156935624,3.9459241578321005,0.8052132643359476,0.8578369225856624,0.7314342647738649,0
emozilla/pg19::pg19_00029,val,0,pg19,65,78.88229370117188,1.2325358390808105,1.3456048965454102,1.3701919317245483,0.08395982280156371,1.1116852656757519,0.017240263084592127,-0.49121373891830444,119.66729736328125,1.0,0.9763658046722412,human,4.189654742026425,4.380554222471519,0.8031380869793323,0.8525433202529559,0.6812597060143603,0
ai_gen::pg19_00029,val,1,pg19,34,40.128719329833984,1.2160217761993408,1.318755030632019,1.33028244972229,0.07870297640456514,1.093962686983267,0.03246947895257029,-0.45397835969924927,117.1222152709961,1.0,1.0535956621170044,ai,3.5553480614894135,3.7167066446273407,0.7957135956415113,0.8410304169160608,0.7195922382415363,0
emozilla/pg19::pg19_00034,val,0,pg19,23,23.969343185424805,1.0895155668258667,1.2561246156692505,1.3100677728652954,0.10848126963783214,1.2024314408657515,0.05700042190402853,-0.45403218269348145,117.29804992675781,1.0,0.9401669502258301,human,3.1780538303479458,3.217648799797736,0.7369322529024257,0.8136485695523248,0.6627740261899995,0
ai_gen::pg19_00034,val,1,pg19,44,54.20878219604492,1.2606693506240845,1.3659604787826538,1.388998031616211,0.06903883979784714,1.1017940833791957,0.026111786071390697,-0.4888545572757721,119.36605072021484,1.0,1.0724611282348633,ai,3.8066624897703196,4.011122038382781,0.8156609422761915,0.861184061605465,0.7287368518730644,0
cc_news::cc_00074,val,0,news,27,31.59130096435547,1.2150499820709229,1.3550628423690796,1.3713542222976685,0.10804354403754315,1.1286401732702493,0.041518240421084665,-0.4562165141105652,117.2602310180664,1.0,1.046831727027893,human,3.332204510175204,3.4840454111799235,0.7952749685115468,0.8565674117701352,0.7162930986239993,0
ai_gen::cc_00074,val,1,news,30,34.62816619873047,1.1940747499465942,1.2925183773040771,1.3367868661880493,0.08360556200309971,1.119516903147578,0.03246644667744635,-0.4991697371006012,120.14234161376953,1.0,0.9777862429618835,ai,3.4339872044851463,3.5731365103934367,0.7857604314397529,0.8296509413885783,0.6819781601019272,0
cc_news::cc_00099,val,0,news,26,31.490095138549805,1.2596038579940796,1.3752020597457886,1.3822128772735596,0.08756989659499008,1.0973393487962457,0.04511185772469926,-0.462389200925827,117.74825286865234,1.0,1.0869107246398926,human,3.295836866004329,3.480935277917713,0.8151895138467298,0.8650825116553953,0.7356848502945736,0
ai_gen::cc_00099,val,1,news,27,29.456924438476562,1.1329586505889893,1.2495498657226562,1.2680778503417969,0.10088499687384099,1.119262251699516,0.029320254965192756,-0.4926215410232544,119.77538299560547,1.0,0.9132133722305298,ai,3.332204510175204,3.416313371866084,0.7575100537359052,0.8107301365229023,0.648784222257309,0
cc_news::cc_00062,val,0,news,14,14.55563735961914,1.1196644306182861,1.3074734210968018,1.32151460647583,0.17722336859492033,1.180277385202726,0.09158523607761986,-0.44058525562286377,116.3578109741211,1.0,0.9542178511619568,human,2.70805020110221,2.7444231040919163,0.7512577887109368,0.836153168843939,0.66999003725353,0
ai_gen::cc_00062,val,1,news,24,26.451927185058594,1.1500837802886963,1.2945789098739624,1.2968037128448486,0.09081944015717461,1.1275732560267868,0.043912723020950895,-0.47992780804634094,118.75652313232422,1.0,0.9520881175994873,ai,3.2188758248682006,3.312436372597096,0.7655068089564929,0.8305493451413123,0.6688996291848738,0
cc_news::cc_00070,test,0,news,22,23.41960334777832,1.115219235420227,1.2137086391448975,1.2879530191421509,0.1252439702378436,1.154887737078603,0.04807231649134426,-0.4777606427669525,118.9018325805664,1.0,0.9140360355377197,human,3.1354942159291497,3.1953862256259202,0.7491584645352741,0.7946692263242828,0.6492141201982115,0
ai_gen::cc_00070,test,1,news,27,30.2200870513916,1.16231107711792,1.26761794090271,1.2971187829971313,0.06844338874221151,1.1159824667698823,0.028279857036363668,-0.49842238426208496,120.06856536865234,1.0,0.9728828072547913,ai,3.332204510175204,3.4410617034047184,0.7711775928250475,0.8187299152830307,0.679495827027367,0
cc_news::cc_00072,test,0,news,33,40.66777801513672,1.2708680629730225,1.3593004941940308,1.3729966878890991,0.055480320264431456,1.0803613119965263,0.02859312912222275,-0.4979857802391052,120.08934783935547,1.0,1.0096598863601685,human,3.5263605246161616,3.7297281206417714,0.8201621649905891,0.8583651743368889,0.6979654969871422,0
ai_gen::cc_00072,test,1,news,38,43.44081497192383,1.1740760803222656,1.3329648971557617,1.3545018434524536,0.10603564913670352,1.1536746776065059,0.026409071274753247,-0.4745672643184662,118.5546875,1.0,0.9430806040763855,ai,3.6635616461296463,3.7941583033054336,0.7766037836351081,0.8471399467005344,0.6642746538767895,0
cc_news::cc_00002,test,0,news,68,79.32647705078125,1.1839772462844849,1.3279814720153809,1.3482621908187866,0.10014734309698595,1.13875684270852,0.017646125251022365,-0.48091211915016174,119.0769271850586,1.0,0.9383457899093628,human,4.23410650459726,4.386099293264619,0.7811476394604772,0.8450015710812406,0.6618349237183412,0
ai_gen::cc_00002,test,1,news,42,46.574222564697266,1.1359566450119019,1.2642040252685547,1.2766298055648804,0.07970361429908415,1.1238367337077206,0.027886936546703937,-0.49275749921798706,119.78816223144531,1.0,0.963843822479248,ai,3.7612001156935624,3.8622910717916734,0.7589146236128836,0.8172232734487179,0.6749036866477991,0
cc_news::cc_00031,test,0,news,23,21.780838012695312,0.9900380969047546,1.2213531732559204,1.2357317209243774,0.16573687500521336,1.2481658279479435,0.054653178021463765,-0.38342371582984924,112.9819564819336,1.0,0.7987119555473328,human,3.1780538303479458,3.1259197445546647,0.6881537827263973,0.7981165476943253,0.5870708285008847,0
ai_gen::cc_00031,test,1,news,31,34.50769805908203,1.150256633758545,1.232866644859314,1.2544465065002441,0.0641871670397736,1.0905796755982713,0.03420245592907174,-0.49047937989234924,119.65011596679688,1.0,0.9563841223716736,ai,3.4657359027997265,3.5697495197082203,0.7655871995550498,0.8032862509042186,0.6710979339128974,0
cc_news::cc_00069,test,0,news,22,24.393157958984375,1.161578893661499,1.2996158599853516,1.3609309196472168,0.14101630690780068,1.1716215980441533,0.0483507948993826,-0.4407185912132263,116.28684997558594,1.0,0.9499616026878357,human,3.1354942159291497,3.2344797660438913,0.7708389239558731,0.832742091588472,0.6678096814524715,0
ai_gen::cc_00069,test,1,news,28,32.47845458984375,1.2029057741165161,1.3355005979537964,1.3429375886917114,0.07840171350756386,1.1164112913805957,0.03784356738969269,-0.4755556881427765,118.51166534423828,1.0,0.9911059141159058,ai,3.367295829986474,3.5109020853517166,0.7897772952833753,0.8482262569881652,0.6886902201091203,0
cc_news::cc_00123,test,0,news,25,26.252492904663086,1.0938538312911987,1.306260585784912,1.3187469244003296,0.17533532910231248,1.2055970246430994,0.05111240721811683,-0.5135819911956787,121.59193420410156,1.0,0.8549829125404358,human,3.258096538021482,3.305144999664892,0.7390063064260964,0.8356274188384044,0.6178754844484735,0
ai_gen::cc_00123,test,1,news,32,36.40808868408203,1.1744544506072998,1.256927251815796,1.310921549797058,0.07707095729831263,1.1161961616460103,0.03374030179391339,-0.5163561701774597,121.21726989746094,1.0,0.9760388135910034,ai,3.4965075614664802,3.6218869560118807,0.7767778057712287,0.8140042650677212,0.6810942416383331,0
emozilla/pg19::pg19_00012,test,0,pg19,19,21.466554641723633,1.1925864219665527,1.3256500959396362,1.3356971740722656,0.09392149774985277,1.1200003198666355,0.061358877929376256,-0.517429769039154,121.3807601928711,1.0,1.0330333709716797,human,2.995732273553991,3.1120277429642913,0.7850818615758756,0.8439996111122383,0.7095289491557012,0
ai_gen::pg19_00012,test,1,pg19,40,48.355262756347656,1.239878535270691,1.3493410348892212,1.3554775714874268,0.0754173094422879,1.0932341619983,0.02383864429054432,-0.49586161971092224,119.83235168457031,1.0,1.0617196559906006,ai,3.713572066704308,3.899044401659705,0.806421639071118,0.8541348781482024,0.7235404190241872,0
cc_news::cc_00046,test,0,news,37,41.17354202270508,1.1437095403671265,1.355001449584961,1.3932424783706665,0.16517114733982832,1.218178592724008,0.029801356792490817,-0.4924333393573761,120.08432006835938,1.0,0.8913406133651733,human,3.6375861597263857,3.741793058129805,0.7625377584558767,0.856541343003207,0.6372858968643883,0
ai_gen::cc_00046,test,1,news,46,49.832374572753906,1.1073861122131348,1.2303156852722168,1.2850373983383179,0.1107229234134837,1.1604239787412385,0.025250166344414234,-0.4763500392436981,118.75285339355469,1.0,0.9006102085113525,ai,3.8501476017100584,3.9285334463376307,0.745448370151675,0.8021431383552846,0.642174996985195,0
cc_news::cc_00107,test,0,news,19,19.855403900146484,1.103078007698059,1.2145220041275024,1.2181411981582642,0.10889784027053369,1.1043110184919909,0.05474891810239242,-0.515142023563385,121.28826141357422,1.0,0.8795564770698547,human,2.995732273553991,3.0376130945266526,0.7434019895647398,0.7950365807180688,0.6310358325569891,0
ai_gen::cc_00107,test,1,news,24,26.281261444091797,1.142663598060608,1.2925337553024292,1.3153430223464966,0.09113580746123857,1.1511200886926114,0.04252896174962533,-0.4667139947414398,117.95264434814453,1.0,1.0024957656860352,ai,3.2188758248682006,3.3062000725253977,0.7620497270626686,0.8296576492723307,0.6943942854443015,0
cc_news::cc_00090,test,0,news,26,27.412649154663086,1.0965059995651245,1.2446354627609253,1.3137316703796387,0.11595908757383158,1.1981071429608847,0.04843411964954655,-0.45514044165611267,117.38980865478516,1.0,0.9002283811569214,human,3.295836866004329,3.3468344387790694,0.740272149329868,0.8085431306202392,0.6419740795577864,0
ai_gen::cc_00090,test,1,news,43,48.79668045043945,1.1618257761001587,1.2781833410263062,1.299096703529358,0.07942993049213563,1.118151043170045,0.022386127742264023,-0.49401116371154785,119.80087280273438,1.0,0.955775260925293,ai,3.784189633918261,3.9079483241871915,0.770953131372382,0.8233783451166294,0.6707866677339702,0
cc_news::cc_00075,test,0,news,31,34.89431381225586,1.1631437540054321,1.3103781938552856,1.3176873922348022,0.0923126672553517,1.132867186619063,0.03444933005077435,-0.48172375559806824,118.98766326904297,1.0,0.9977957606315613,human,3.4657359027997265,3.5805788933185148,0.7715626052366009,0.8374112314166726,0.6920444530952211,0
ai_gen::cc_00075,test,1,news,44,50.38047790527344,1.1716389656066895,1.2965284585952759,1.3151675462722778,0.08474606040434668,1.1225023961115401,0.02588581032018015,-0.4801684319972992,118.79927062988281,1.0,1.0018842220306396,ai,3.8066624897703196,3.9392582930256625,0.7754821661588976,0.8313986168668575,0.6940888480672166,0
cc_news::cc_00103,test,0,news,21,25.837738037109375,1.2918869256973267,1.3576713800430298,1.3762909173965454,0.055055134277630265,1.0653338848929013,0.044587914434341895,-0.49559056758880615,119.79700469970703,1.0,1.1397345066070557,human,3.091042453358316,3.289809032736478,0.8293754632975245,0.8576744285536995,0.7606817590042407,0
ai_gen::cc_00103,test,1,news,23,24.74785614013672,1.124902606010437,1.2422930002212524,1.2643136978149414,0.09323362343783553,1.123931699560919,0.048456025524153984,-0.48204466700553894,118.9492416381836,1.0,0.9319003820419312,ai,3.1780538303479458,3.2483513669499944,0.7537259688603639,0.8074990030965616,0.6585041723708582,0
cc_news::cc_00089,test,0,news,38,40.87963104248047,1.104854941368103,1.2920392751693726,1.3049217462539673,0.14737949244688567,1.1810797032205398,0.03315068213524194,-0.424251914024353,115.45577239990234,0.9722222222222222,0.9367470741271973,human,3.6635616461296463,3.7347995760896144,0.7442465532957566,0.8294419344689292,0.6610097998160436,0
ai_gen::cc_00089,test,1,news,41,44.330955505371094,1.1082738637924194,1.313744306564331,1.3542876243591309,0.143424484033484,1.2219792134442755,0.01974577839874628,-0.4529547691345215,117.0703125,1.0,0.9164843559265137,ai,3.7376696182833684,3.8139901436048813,0.7458695386507761,0.8388671242064135,0.6504924429700476,0
emozilla/pg19::pg19_00021,test,0,pg19,45,55.59160232543945,1.263445496559143,1.3538633584976196,1.3678827285766602,0.0634146652998885,1.0826606547736786,0.02415547188105679,-0.4836612641811371,119.02397918701172,1.0,1.061585545539856,human,3.828641396489095,4.035860605392907,0.8168882083281289,0.8560579606357419,0.7234753690488702,0
ai_gen::pg19_00021,test,1,pg19,53,64.23221588134766,1.2352349758148193,1.3325737714767456,1.3585129976272583,0.06811102343946397,1.0998012720049632,0.020613158544110406,-0.4729953408241272,118.33326721191406,1.0,1.0172266960144043,ai,3.9889840465642745,4.177953455510771,0.8043463571320385,0.8469722808819818,0.7017236453260032,0
cc_news::cc_00093,test,0,news,35,41.42827606201172,1.2184786796569824,1.331300973892212,1.357071876525879,0.07240793526087505,1.1137428164986838,0.026131406826446796,-0.4923475980758667,119.69518280029297,1.0,1.04274582862854,human,3.58351893845611,3.7478150282217477,0.7968216815391191,0.8464264696474946,0.7142948972434097,0
ai_gen::cc_00093,test,1,news,40,45.49892807006836,1.1666392087936401,1.287064552307129,1.3155380487442017,0.08120046929026453,1.127630580926045,0.02809940765159105,-0.4958252012729645,119.82853698730469,1.0,0.9345100522041321,ai,3.713572066704308,3.8394292600710087,0.7731772152887065,0.8272691403996852,0.659854091425174,0
cc_news::cc_00104,test,0,news,32,36.277565002441406,1.1702439785003662,1.3407996892929077,1.349299669265747,0.11246560459402587,1.1530071455643656,0.03838892723470775,-0.45820948481559753,117.50856018066406,1.0,1.009239673614502,human,3.4965075614664802,3.618391671226061,0.7748395937209577,0.850492618548285,0.6977563786745659,0
ai_gen::cc_00104,test,1,news,54,61.847900390625,1.166941523551941,1.294152021408081,1.306570053100586,0.08583739017656832,1.1196534074154147,0.018871692819663364,-0.47727757692337036,118.6767578125,1.0,1.004755973815918,ai,4.007333185232471,4.140717527805608,0.7733167372117826,0.830363285651878,0.695522344531422,0
